x,Company Name,Website,scraped_text,Wikipedia_URL,CEO,Founder,Founded,Industry,Products,Headquarters,Revenue,Employees,Summary,company_type,is_relevant,is_fortification_potential,notes
1,Nestle,www.nestle.com,,https://en.wikipedia.org/wiki/Nestl√©,Mark Schneider,Henri Nestl√©,1866,Food and Beverage,"Infant formula, baby food, bottled water, coffee, tea, pet food, dairy products, ice cream, frozen foods, confectionery, and more","Vevey, Switzerland",CHF 87.1 billion (2021),"333,000 (2021)","Nestl√© is a Swiss multinational food and beverage company headquartered in Vevey, Switzerland. It is the largest food company in the world, measured by revenue and other metrics. Nestl√©'s products include a wide range of food and beverage items, including infant formula, baby food, bottled water, coffee, tea, pet food, dairy products, ice cream, frozen foods, confectionery, and more.",,False,,
2,Dr. Reddy's Laboratories,www.drreddys.com,,https://en.wikipedia.org/wiki/Dr._Reddy's_Laboratories,Erez Israeli,Anji Reddy,1984,Pharmaceuticals,"Generic and branded pharmaceuticals, biosimilars, active pharmaceutical ingredients","Hyderabad, India",USD 2.6 billion (2022),"20,000","Dr. Reddy's Laboratories is a multinational pharmaceutical company headquartered in Hyderabad, India. It is one of the largest generic drug manufacturers in the world and also produces branded pharmaceuticals, biosimilars, and active pharmaceutical ingredients.",Manufacturer,False,,The website does not provide enough information to determine the relevance or fortification potential of the company.
3,Coca,colacompany.com,"

                    This domain may be for sale
             
        This webpage was generated by the domain owner using Sedo Domain Parking. Disclaimer: Sedo maintains no relationship with third party advertisers. Reference to any specific service or trade mark is not controlled by Sedo nor does it constitute or imply its association, endorsement or recommendation.
    ",https://en.wikipedia.org/wiki/Com,,,,,,,,,,,False,,
4,Pfizer,www.pfizer.com,"We're driving the breakthroughs of tomorrow while fighting against cancer today. The fight takes all of us. Start by answering a few questions to understand your own cancer risks at PfizerForAll.com. Get started  Nearly 41% of Americans will receive a cancer diagnosis during their lifetime. By understanding their risks, people can take action to help detect it early, when it's most treatable. We‚Äôre working with our partners at the American Cancer Society to make this easier than ever. Pfizer recognizes World Cancer Day by sharing personal stories from colleagues impacted by cancer. Each unique story unites us in our purpose ‚Äì a world where people with cancer live better and longer lives. Nothing is more personal than our goal to outdo cancer. An evolution of the previous Purpose Blueprint, implemented in 2019, the Purpose Blueprint 2.0 consists of five ‚ÄúCore Business Principles‚Äù and 15 Big Ideas that will drive us in the years to come. Where people live shouldn‚Äôt impact the quality of their healthcare and income shouldn‚Äôt determine health outcomes. Explore how vaccinations and treatment with oral medication for those eligible are working to combat COVID-19. Pfizer consistently and diligently monitors the supply of our medicines. What is severe COVID-19? Learn about severe COVID-19 and its symptoms and risk factors Resources and answers to frequently asked questions. El Dr. Santiago L√≥pez informa en temas relacionados a la atenci√≥n m√©dica tales como vacunas, noticias falsas, y ensayos cl√≠nicos.   Science  
   Oncology
   Inflammation & Immunology
   Vaccines
   Rare Disease
   Internal Medicine
   Anti Infectives
 ¬† Shop and share the collection. All profits from The Pfizer Store will be donated to charity. ¬† Receive the latest news from Pfizer in our monthly The Breakthrough newsletter and email alerts on a variety of topics. ¬© 2025 Pfizer Inc. All rights reserved This information‚Äîincluding product information‚Äîis intended only for residents of the United States. The products discussed herein may have different labeling in different countries. ¬†",https://en.wikipedia.org/wiki/Pfizer,Albert Bourla,Charles Pfizer and Charles Erhart,1849,Pharmaceuticals,"['Lipitor', 'Celebrex', 'Viagra', 'Lyrica', 'Prevnar 13', 'Xeljanz', 'Ibrance', 'Eliquis', 'Xtandi', 'Inlyta']","New York City, New York, U.S.",$81.258 billion (2021),"79,000 (2021)",Pfizer is an American multinational pharmaceutical and biotechnology corporation headquartered in New York City. It is one of the world's largest pharmaceutical companies.,Manufacturer,True,,"Pfizer is a biopharmaceutical company that focuses on research and development of medicines. It is not an F&B company, so fortification potential is not applicable."
5,PepsiCo,www.pepsico.com,"PepsiCo completes acquisition PepsiCo Q4/Full-Year Earnings PepsiCo to acquire Lay's¬Æ brings back iconic Gatorade launches Hear from the creative teams behind spots from Doritos, Lay‚Äôs and Mountain Dew to learn why these brand stories made it to the big game. PepsiCo and the PepsiCo Foundation are working alongside local and national organizations to support associates and their families in the affected areas, delivering vital resources to people and communities in need.  Learn how PepsiCo‚Äôs investment in soil health supports more sustainable farming and a stronger food system. Make today special Explore recipes featuring your favorite products PepsiCo Positive Building a stronger, more sustainable future  At PepsiCo, opportunity is for everyone  At PepsiCo, opportunity is for everyone  What's inside matters  What's inside matters Hungry? Our Brands Discover more about our products, their nutrition information and where to buy. Find your favorite 1-Atoms/icons/arrow/right@3x




 Snacks straight to your door Stock up on your faves Only the best for our partners Social Stay connected 
                                                NFL star quarterback @joshallenqb is committed to championing the next generation of farmers and agricultural leaders highlighted in @lays recent Super Bowl LIX...
                                             
                                                PepsiCo associates created millions more smiles for Super Bowl LIX.
                                             
                                                Every Super Bowl party has these fans. üèà Which one are you and what all are you bringing to the party? üëá
                                             
                                                Here's to another historic Super Bowl Sunday, KC fans! üèà Which of these fans is coming to your party? üëá
                                             
                                                Watching the Super Bowl with Philly fans? Absolute cinema.üçøüèà Send this to all the Philly fans you know.
                                             
                                                From a Chimichurri vs. Falafel showdown with Sabra and Guy Fieri to a ‚ÄòCajun eats x Pepsi beats‚Äô food festival, here‚Äôs our ultimate Super Bowl LIX showdown.
                                             Become a part of our talent community. PepsiCo Foundation Driven by the passion to do more An unparalleled portfolio, best-in-class service and in-depth consumer insights give our partners a competitive advantage.",https://en.wikipedia.org/wiki/PepsiCo,,,,,,,,,Error in JSON Conversion.,Brand,True,,PepsiCo is a well-known F&B brand with a wide product portfolio.
6,Johnson & Johnson,www.jnj.com," Listening... Sorry, I don't understand. Please try again  This site is governed solely by applicable U.S. laws and governmental regulations. Please see our Privacy Policy. Use of this site constitutes your consent to application of such laws and regulations and to our Privacy Policy. Your use of the information on this site is subject to the terms of our Legal Notice. Cookie Policy. You should view the News section and the most recent SEC Filings in the Investor section in order to receive the most current information made available by Johnson & Johnson Services, Inc. Contact us with any questions or search this site for more information. Do Not Sell or Share My Personal InformationLimit the Use of My Sensitive Personal Information ¬© 2025 Johnson & Johnson Services, Inc.",https://en.wikipedia.org/wiki/Johnson_&_Johnson,Joaquin Duato,"Robert Wood Johnson I, James Wood Johnson, Edward Mead Johnson",1886,"Pharmaceuticals, Consumer healthcare, Medical devices","Band-Aid, Listerine, Tylenol, Johnson's Baby, Neutrogena, Aveeno","New Brunswick, New Jersey, United States",$93.8 billion (2021),"134,000 (2021)","Johnson & Johnson is an American multinational corporation that develops medical devices, pharmaceuticals, and consumer packaged goods. It is the world's largest healthcare company by revenue and one of the world's most valuable companies.",Manufacturer,False,,"Johnson & Johnson is a manufacturer that focuses on healthcare and medical devices. It does not mention food or beverage products or fortification, so it is not relevant to the analysis."
7,Danone,www.danone.com," Explore Press Investors Our mission Scroll to discover Newsroom Our journey From our first yogurts in pharmacies, we have certainly come a long way in over 100 years. Our products, ranging from yogurts and plant-based products, to waters, and specialized nutrition products, are now part of everyday life in millions of households. We're proud to be present in over 120 countries around the world, making healthy eating and drinking accessible to as many people as possible. 91% of products sold belong to healthy categories 120+ our products are sold in over 120 countries 89,000 Danoners around the world in 2023 CONTRIBUTING¬†TO
A HEALTHIER WORLD Business Careers Maud Freynet
Laboratory Quality Technician¬†for La Salvetat Impact As part of our Renew Danone strategy, we have developed a sustainability roadmap based on three interconnected pillars:¬†Health,¬†Nature,¬†and¬†People & Communities. For each of these pillars, the company has set new¬†priorities¬†and¬†objectives for the future, focusing on the areas where Danone can bring the most value. Research and Innovation Autorisez le d√©p√¥t de cookies pour acc√©der √† cette fonctionnalit√©. Follow us on: About us Our other websites Change language Would you like to change website?",https://en.wikipedia.org/wiki/Danone,Antoine de Saint-Affrique,Isaac Carasso,1919,Food and beverage,"Dairy products, plant-based products, early life nutrition, medical nutrition, and waters","Paris, France",‚Ç¨24.3 billion (2021),"100,000","Danone is a French multinational food-products corporation headquartered in Paris. It is the world's largest dairy company and a major producer of plant-based foods, early life nutrition, and medical nutrition.",F&B,True,True,"Danone is a leading F&B company with a presence in over 120 countries. The company's product portfolio includes dairy products, plant-based products, waters, and specialized nutrition products. Danone has a strong focus on health and nutrition, and its products are sold in over 120 countries. The company's commitment to health and nutrition, as well as its fortification potential, makes it a relevant company for the food and beverage fortification industry."
8,Bayer,www.bayer.com,,https://en.wikipedia.org/wiki/Bayer,Werner Baumann,"Friedrich Bayer, Johann Friedrich Weskott",1863,"Pharmaceuticals, Chemicals, Crop Science","Aspirin, Advil, Aleve, Xarelto, Eylea, Glucobay, Kogenate, Levitra, Mirena, Nexavar, Stivarga, Xofigo, Avelox, Cipro, Levaquin","Leverkusen, Germany",‚Ç¨44.1 billion (2021),"100,263 (2021)","Bayer is a German multinational pharmaceutical and life sciences company and one of the largest pharmaceutical companies in the world. Headquartered in Leverkusen, Germany, it is a global enterprise with core competencies in the fields of health care, nutrition, and high-tech materials.",,False,,
9,General Mills,www.generalmills.com,"Ever wonder what goes into and stands behind the food we make? Explore how our purpose-driven way of doing business impacts people, communities, and the planet.  From pets to parents and everyone in-between, we make food the world loves. Explore a variety of snacks and meals that bring joy to families everywhere.   Discover how we put our best food forward when it comes to making our products. Our goodness spans variety, deliciousness and, of course, kindness. Get a taste of General Mills by digging into our latest news and stories. And the ones you have yet to meet. Get the latest on company and brand news, financial performance, sustainability reports and more. Explore more about our brands and our process. What is General Mills allergen labeling policy? Do you use GMO ingredients in your products? Contact us online or by phone 
1-800-248-7310   General Mills Inc. All Rights Reserved | An Equal Opportunity Employer",https://en.wikipedia.org/wiki/General_Mills,Jeff Harmening,"Cadwallader Washburn, John Crosby",1866,Food Processing,"Cereals, snacks, baking mixes, yogurt, ice cream","Golden Valley, Minnesota, United States",$18.1 billion (2022),"35,000","General Mills is an American multinational manufacturer and marketer of branded consumer foods sold through retail stores. Headquartered in Golden Valley, Minnesota, the company was founded in 1866 and is one of the world's largest food companies.",F&B,True,,General Mills is a U.S. based food company. Food fortification is not mentioned on its website.
10,GlaxoSmithKline (GSK),www.gsk.com,"Switch to dark mode to head towards a more sustainable world together. More info Switch to dark mode to head towards a more sustainable world together. More info Scientific advances have helped reduce meningitis rates across the world ‚Äì but the need for awareness and innovation regarding prevention strategies continues. Here, one teenage patient tells her story ‚Äì and what she wants others like her to know about the disease. Our R&D focus is on four therapeutic areas: respiratory, immunology and inflammation; oncology; HIV;  infectious diseases Behind the science Life at GSK With our innovation, scale and global partnerships, working with us presents a unique opportunity to impact the lives of billions. Hear what Zack has to say To get ahead of disease together, continuous growth and development are vital. At GSK you'll expand your skills and build valuable connections, enabling you to do your best work. Hear what Sarah and Martha have to say We've built an inclusive and supportive culture, so that you can pursue your professional goals without compromising on what matters most. Hear what Tammeka has to say We are making our products affordable and available to more people around the world through responsible pricing, strategic access programmes and partnerships. We are committed to change the trajectory of high burden diseases in lower-income countries with a focus on prevention and treatment of infectious diseases. We're committed to work towards a net zero, nature positive, healthier planet, with ambitious goals set for 2030 and 2045. Our work supports the health of all kinds of people. To meet our diverse patients' needs better, we need diversity in our clinical trials and to support our own people to thrive as part of an inclusive team. Our culture guides our people to do the right thing and act on any concerns they have. Ensuring the quality, safety and reliable supply of our products is critical to our purpose of uniting science, talent and technology to get ahead of disease together. We announced our full year and fourth quarter 2024¬†results on Wednesday 5 February 

Continue  to Company
                    

 This is our global website, intended for visitors seeking information on GSK's worldwide business.¬† Our market sites can be reached by visiting our location selector.¬†¬† ¬† ¬© 2001-2024 GSK plc. All rights reserved. Trade marks are owned by or licensed to the GSK group of companies. GSK plc. Registered in England and Wales No. 3888792. Registered office: 79 New Oxford Street, London. United Kingdom. WC1A 1DG",https://en.wikipedia.org/wiki/GSK_plc,,,,,,,,,Error in JSON Conversion.,Brand,False,,"GSK is a biopharma company that focuses on research and development in specific therapeutic areas. The website text does not mention F&B, manufacturing, or distribution of nutraceuticals or probiotics."
11,Kellogg‚Äôs,www.kelloggs.com,,https://en.wikipedia.org/wiki/Kellogg's,Steven Cahillane,Will Keith Kellogg,1906,Food processing,"Breakfast cereals, crackers, cookies, snacks, frozen foods","Battle Creek, Michigan, U.S.",$14.3 billion (2021),"31,000 (2021)","Kellogg's is an American multinational food manufacturing company headquartered in Battle Creek, Michigan. It is the world's leading producer of breakfast cereals and a leading producer of crackers, cookies, snacks, and frozen foods.",,False,,
12,Merck & Co.,www.merck.com,"



 
Worldwide
Countries outside of the United States and Canada.
 Our Q4 and full-year 2024 financial results We‚Äôre here to help you get the information you need to guide you on your health journey. Find our latest financials, events & presentations, news, stock information and investor contacts. We operate responsibly every day to enable a safe and healthy future for people and communities globally. Read more stories For more than 130 years, we have brought hope to humanity through the development of important medicines and vaccines.¬† We follow the science where we can make the greatest difference, now and in the future Clinical trials help find new treatments to help save and improve lives. Our progress is due in large part to the important and tough scientific questions we set out to answer with our trials and collaborations.  Media Our latest news, announcements and multimedia resources Contact us If you have a question or need more information about us, find out who you should contact here Sustainability We operate responsibly every day to enable a safe and healthy future for people and communities globally. This website of Merck & Co., Inc., Rahway, N.J., USA (the ‚Äúcompany‚Äù) includes ‚Äúforward-looking statements‚Äù within the meaning of the safe harbor provisions of the U.S. Private Securities Litigation Reform Act of 1995. These statements are based upon the current beliefs and expectations of the company‚Äôs management and are subject to significant risks and uncertainties. There can be no guarantees with respect to pipeline candidates that the candidates will receive the necessary regulatory approvals or that they will prove to be commercially successful. If underlying assumptions prove inaccurate or risks or uncertainties materialize, actual results may differ materially from those set forth in the forward-looking statements. 
Risks and uncertainties include but are not limited to, general industry conditions and competition; general economic factors, including interest rate and currency exchange rate fluctuations; the impact of pharmaceutical industry regulation and health care legislation in the United States and internationally; global trends toward health care cost containment; technological advances, new products and patents attained by competitors; challenges inherent in new product development, including obtaining regulatory approval; the company‚Äôs ability to accurately predict future market conditions; manufacturing difficulties or delays; financial instability of international economies and sovereign risk; dependence on the effectiveness of the company‚Äôs patents and other protections for innovative products; and the exposure to litigation, including patent litigation, and/or regulatory actions.
The company undertakes no obligation to publicly update any forward-looking statement, whether as a result of new information, future events or otherwise. Additional factors that could cause results to differ materially from those described in the forward-looking statements can be found in the company‚Äôs Annual Report on Form 10-K for the year ended December 31, 2023 and the company‚Äôs other filings with the Securities and Exchange Commission (SEC) available at the SEC‚Äôs Internet site (www.sec.gov).
No Duty to Update

The information contained in this website was current as of the date presented. The company assumes no duty to update the information to reflect subsequent developments. Consequently, the company will not update the information contained in the website and investors should not rely upon the information as current or accurate after the presentation date.

  By continuing, you will be directed to a site intended only for residents of the United States and Canada. We are called MSD everywhere, except in the United States and Canada where we are known as Merck & Co Inc, Rahway, NJ USA.",https://en.wikipedia.org/wiki/Merck_&_Co.,Robert M. Davis,George W. Merck,1891,Pharmaceuticals,"Keytruda, Gardasil, Januvia, Propecia","Kenilworth, New Jersey, United States",$48.7 billion (2021),"77,000 (2021)","Merck & Co., Inc., known as Merck Sharp & Dohme (MSD) outside the United States and Canada, is an American multinational pharmaceutical company headquartered in Kenilworth, New Jersey. The company was founded in 1891 by George W. Merck and is one of the largest pharmaceutical companies in the world.",Manufacturer,False,,The website does not mention any involvement in nutraceuticals or probiotics.
13,Unilever,www.unilever.com," Unilever GlobalChange location We are a global consumer goods business with strong fundamentals and differentiated capabilities. Our strategy begins with a purpose that places consumers at the heart of everything we do: Brighten everyday life for all. Our international leadership team drives our company, guides our strategy and leads our people. Innovation is at the heart of everything we do within R&D at Unilever. View our latest news, search and browse by topic and date. See the very latest from our press desk, plus media assets and contact details. Be the first to hear about our press releases, features and articles. Led by our 30 Power Brands, our brands are meeting consumers‚Äô daily needs, from household staples to premium indulgence. Discover the ingredients in our home, beauty and personal care products. The world must move further faster to avoid the worst effects of climate change. We‚Äôre committed to contributing to the protection and regeneration of nature, within and beyond our value chain. Given the size of the plastics challenge, we‚Äôre using our innovation capabilities to find new, scalable solutions. We‚Äôre working to improve the livelihoods of people in our global value chain. Our progress and reporting on issues such as human rights, equity, diversity and inclusion and safety. We want to work with partners who share our purpose and values. See what‚Äôs involved. Our Partner to Win programme is taking our partnerships to a whole new level. Together with our partners, we‚Äôre helping to provide decent livelihoods and supporting inclusive economic growth. We're collaborating with key suppliers to reduce emissions from raw materials, ingredients and packaging by 2030, which will help us progress towards our net zero ambition. 14 February 2025 13 February 2025 7 February 2025 6 February 2025 6 February 2025 3 February 2025 Our latest share information for Unilever PLC Sorry, our share price information is not available at the moment. Please come back later. Unilever released its Q4 and Full Year results on 13 February 2025. There was a webcast at 08:00 am (UK time). JavaScript must be enabled to view this content Climate action has long been a part of how we do business. But the world must move faster to avoid the worst effects of climate change. We‚Äôve set more ambitious climate targets and identified clearer actions to respond to this challenge. The world ‚Äì and our business ‚Äì needs resilient natural and agricultural ecosystems to thrive. We‚Äôre committed to contributing to the protection and regeneration of nature, within and beyond our value chain. We‚Äôve been working hard to create a circular economy for plastic packaging for a number of years. We‚Äôve learnt that transformation takes time. Given the size of this challenge, we‚Äôre using our innovation capabilities to find new, scalable solutions. The impacts of inequality go far beyond income ‚Äì to health, human rights and economic growth. So we‚Äôre working to improve the livelihoods of people in our global value chain. 3.4 billion people in 190 countries use our brands every day. We're always looking to connect with those who share an interest in a sustainable future. Get in touch with Unilever PLC and specialist teams in our headquarters, or find contacts around the world. This is Unilever's global company website  ¬© Unilever 2025",https://en.wikipedia.org/wiki/Unilever,,,,,,,,,Error in JSON Conversion.,Brand,False,,"Unilever is a global consumer goods business with a wide range of brands. However, the website text provided does not mention nutraceuticals or probiotics, so the company is not relevant for this analysis."
14,Roche,www.roche.com,"A healthier future. It‚Äôs what drives us to innovate. To continuously advance science and ensure everyone has access to the healthcare they need today and for generations to come. Creating a world where we all have more time with the people we love. That‚Äôs what makes us Roche. Perspectives and powerful moments that shape healthcare. Susvimo is the first and only continuous delivery treatment that offers an alternative to regular eye injections to treat diabetic macular edema (DME)  By 2040, women will have lost 74.9 million years to health issues that stop them being an active part of society. The gender health gap will be responsible for a $1 trillion economic loss. XIndex reveals the true costs and explores critical insights.   At Roche, we are committed to ensuring that our websites and digital resources are accessible to all users.  This website contains information on products which is targeted to a wide range of audiences and could contain product details or information otherwise not accessible or valid in your country. Please be aware that we do not take any responsibility for accessing such information which may not comply with any legal process, regulation, registration or usage in the country of your origin.",https://en.wikipedia.org/wiki/Roche,Severin Schwan,Fritz Hoffmann-La Roche,1896,Pharmaceuticals and Diagnostics,"Pharmaceuticals, Diagnostics, Oncology, Neuroscience","Basel, Switzerland",62.8 billion CHF (2021),"101,960 (2021)","Roche is a global healthcare company that develops, manufactures, and markets pharmaceuticals and diagnostics. It is one of the world's largest pharmaceutical companies and a leader in the fields of oncology, immunology, infectious diseases, and neuroscience.",,False,,"Error parsing LLM response: Expecting value: line 3 column 20 (char 50). Extracted Text: {
    ""company_type"": ""Brand"",
    ""is_relevant"": False,
    ""is_fortification_potential"": ""NA"",
    ""notes"": ""Roche is a pharmaceutical company that focuses on developing and selling drugs for various diseases. While they do have a focus on diabetes, their website does not mention nutraceuticals or probiotics, making them not relevant for our purposes.""
}"
15,Nestle Waters,www.nestlewaters.com,,,,,,,,,,,,,False,,
16,Sanofi,www.sanofi.com,"Arno Laber, Lab technican, Frankfurt, Germany Arno Laber, Lab technican, Frankfurt, Germany Shaping the Medicines of Tomorrow Our Science February 12, 2025 Our Science February 11, 2025 Social Impact February 4, 2025 Each of us plays a unique role in bringing our purpose to life. We are an innovative global healthcare company. We turn the impossible into possible. We chase the miracles of science to improve people‚Äôs lives.¬† We have reimagined a bold sustainable approach. Therapeutic areas Compounds in clinical development Clinical trials in phase 3 Better is out there. Better medications, better outcomes, better science. It's all down to people like you, from different backgrounds, in different locations, doing different roles. Take the most important step in your career: help us change the lives of people, families and communities for the better.",https://en.wikipedia.org/wiki/Sanofi,Paul Hudson,Jules-Ren√© Gu√©rin,1973,Pharmaceuticals,"Vaccines, drugs, and medical devices","Paris, France",‚Ç¨36.1 billion (2021),"100,000","Sanofi is a global pharmaceutical company that develops, manufactures, and markets a wide range of healthcare products. The company's products include vaccines, drugs, and medical devices. Sanofi is headquartered in Paris, France, and has operations in over 100 countries.",Manufacturer,False,,Sanofi is a pharmaceutical company focused on research and development of medicines. The text does not indicate any involvement in F&B or nutraceuticals.
17,Mondelez International,www.mondelezinternational.com,"TRENDS BRANDS OREO Unveils New Flavor Innovations to Kickstart 2025 Ringing in the New Year with Six New Flavors BUSINESS Reporting Fourth Quarter and FY 2024 Earnings Strong 2024 Results, Long-Term Fundamentals Strong SUSTAINABILITY Snacking Made Right Report 2023 ESG Report",https://en.wikipedia.org/wiki/Mondelez_International,Dirk Van de Put,,2012,Food and beverage,"Chocolate, biscuits, gum, candy, coffee, cheese, and grocery products","Chicago, Illinois, United States",$28.7 billion (2021),"80,000","Mondelez International is an American multinational confectionery, food, and beverage company. It is the world's largest chocolate manufacturer, with brands such as Cadbury, Milka, and Toblerone. The company also produces biscuits, gum, candy, coffee, cheese, and grocery products.",Brand,False,,"Mondelƒìz International is a brand that produces snacks and beverages. It does not work with specific dosage forms or health segments, so it is not relevant to the analysis."
18,Novartis,www.novartis.com,"About Novartis is an innovative medicines company. Every day, we work to reimagine medicine to improve and extend people‚Äôs lives so that patients, healthcare professionals and societies are empowered in the face of serious disease. Our medicines reach more than 250 million people worldwide. Patients and caregivers Information for patients and their caregivers including clinical trial recruiting, managed access programs, funding opportunities for patient organizations and side effects reporting. Healthcare professionals Resources for physicians and other healthcare professionals including clinical trial recruiting, grant funding, congresses and country-level information. Research & development Discover how Novartis turns breakthrough science into transformative, high-value treatments.¬† Environmental, social and governance Learn about our commitments to making a positive impact on the world by providing access to innovative medicines, protecting the environment, and upholding high ethical standards. Explore the Novartis in Society Integrated Report. Investors Updates and resources for investors including financial information, disclosures, events, share price, ESG and reporting. News Information for journalists including media releases, statements, stories, multimedia resources and more. Careers Novartis is hiring! Find open positions, learn more about our strategy and culture, and apply today. Home Working together, we can reimagine medicine to improve and extend people‚Äôs lives. Our innovative medicines address society‚Äôs greatest disease burdens and restore possibility for patients. Discover how we unravel the mysteries of biology and develop new technologies to fight disease and change lives. Creating a medicine is just the beginning of the journey. Discover how we embrace societal impact as a core business objective. 
Novartis announced the company‚Äôs fourth quarter and 2024 full year financial results.
 Novartis announced the company‚Äôs fourth quarter and 2024 full year financial results. 
Read more about our performance against our business, environmental, social and governance (ESG) priorities in the Novartis in Society Integrated Report 2024.
 Read more about our performance against our business, environmental, social and governance (ESG) priorities in the Novartis in Society Integrated Report 2024. Feb 11, 2025 Jan 31, 2025 Jan 13, 2025 
Between May 10-17, 2025, Basel will host the Eurovision Song Contest and we are excited to be an official partner.
 Between May 10-17, 2025, Basel will host the Eurovision Song Contest and we are excited to be an official partner. Working together. Learning together. Thriving together. Discover how you can join us in changing people's lives.",https://en.wikipedia.org/wiki/Novartis,Vasant Narasimhan,"J.R. Geigy, Ciba-Geigy",1996,Pharmaceuticals,"Cosentyx, Entresto, Gilenya, Gleevec, Lucentis, Promacta, Tasigna, Zolgensma","Basel, Switzerland",USD 51.6 billion (2021),"108,000 (2021)","Novartis is a Swiss multinational pharmaceutical company headquartered in Basel, Switzerland. It is one of the largest pharmaceutical companies in the world. Novartis develops, manufactures, and markets a wide range of pharmaceutical products, including prescription drugs, generics, and over-the-counter medicines.",Manufacturer,False,,Novartis is a pharmaceutical company that focuses on innovative medicines. The website text does not mention food and beverages or nutraceuticals.
19,Kraft Heinz,www.kraftheinzcompany.com,"The Kraft Heinz Company has an unparalleled portfolio of powerful and iconic brands. We at Kraft Heinz are unrelenting in our quest to transform the food industry. Join us and bring your appetite for more. Find out what it takes to work here. The Kraft Heinz Company is the third-largest food and beverage company in North America and the fifth-largest food and beverage company in the world, with eight $1 billion+ brands. A globally trusted producer of delicious foods, The Kraft Heinz Company provides high quality, great taste and nutrition for all eating occasions whether at home, in restaurants or on the go. ¬© 2024 The Kraft Heinz Company. All rights reserved. ",https://en.wikipedia.org/wiki/Kraft_Heinz,Miguel Patricio,"James L. Kraft, Henry J. Heinz",2015,Food processing,"Food products, beverages, snacks","Chicago, Illinois, U.S.",$26.52 billion (2021),"36,000",Kraft Heinz is an American food company formed by the merger of Kraft Foods and H. J. Heinz Company in 2015. It is the third-largest food and beverage company in North America and the fifth-largest in the world.,F&B,True,True,"The Kraft Heinz Company is a global food and beverage company with a focus on producing high-quality, nutritious food products."
20,Eli Lilly and Company,www.lilly.com,,https://en.wikipedia.org/wiki/Lilly,David A. Ricks,Eli Lilly,1876,Pharmaceuticals,"Insulin, Humalog, Cialis, Prozac, Cymbalta","Indianapolis, Indiana, United States",$28.31 billion (2021),"34,700 (2021)","Eli Lilly and Company is an American pharmaceutical company headquartered in Indianapolis, Indiana. The company was founded in 1876 by Eli Lilly, a pharmacist and chemist. Lilly is a global leader in the development, manufacturing, and marketing of pharmaceutical products. The company's products include insulin, Humalog, Cialis, Prozac, and Cymbalta.",,False,,
21,Tyson Foods,www.tysonfoods.com,"Who We Are Innovation ¬†  ¬† Who We Are Innovation ¬†  ¬†  ¬† When you think of Tyson, you probably imagine what is only a nugget of the larger picture that is Tyson Foods. Our products range from that juicy ribeye at the five-star restaurant to fresh meat at the local butcher. ¬† ¬† We're proud of our growing portfolio of protein-centric brands, offering nutritious and delicious options that fit seamlessly into modern lives. Driven by a commitment to feed the world, we're reimagining the journey from farm to table. With a focus on innovation and doing what's right, we're dedicated to making food that not only tastes good but also nourishes the future. We‚Äôre a progressive food company with a multitude of career paths and job opportunities. We embrace the diversity of our team members and their unique backgrounds, experiences, thoughts and talents‚Äîin whichever role they pursue. Come see what makes Tyson Foods a great place to work. ¬† Tyson Foods is committed to the communities in which we live and work. When disaster strikes, we‚Äôre prepared to respond quickly with a fleet of mobile kitchens and resources to help an entire community‚Äîand that‚Äôs just what we did when communities in Texas, Iowa and Arkansas were struck by extreme storms and flooding. We are committed to producing safe, high-quality food for our customers and consumers at Tyson Foods. Our robust food safety culture is based on science, innovation and continuous improvement. Our¬†Tyson Foods Local Grain Services (LGS) Sustain¬†program is designed to promote climate-smart practices, including cover crops, reduced tillage, nutrient management, edge-of-field practices and innovative practices, in our operations and across the protein supply chain to ultimately help reduce greenhouse gas emissions.   Copyright 2021¬†Tyson Foods, Inc.",https://en.wikipedia.org/wiki/Tyson_Foods,Donnie King,John W. Tyson,1935,Food processing,"Chicken, beef, pork, prepared foods","Springdale, Arkansas, United States",$47.04 billion (2022),"141,000","Tyson Foods, Inc. is an American multinational corporation based in Springdale, Arkansas, that operates in the food industry. The company is the world's second-largest processor and marketer of chicken, beef, and pork, and the largest producer of prepared foods.",F&B,True,,"Tyson Foods is a producer of food and beverage products, specifically meat products. It is a relevant company for the analysis of food and beverage fortification."
22,Teva Pharmaceuticals,www.tevapharm.com,,https://en.wikipedia.org/wiki/Teva_Pharmaceuticals,K√•re Schultz,"Eli Hurvitz, Zvi Grinberg, and Gunther Friedlander",1984,Pharmaceuticals,Generic and branded pharmaceuticals,"Petah Tikva, Israel",$16.1 billion (2021),"45,000 (2021)","Teva Pharmaceuticals is an Israeli multinational pharmaceutical company headquartered in Petah Tikva, Israel. It is the largest generic drug manufacturer in the world and one of the largest pharmaceutical companies in the world. Teva develops, manufactures, and markets generic and branded pharmaceuticals, active pharmaceutical ingredients (APIs), and over-the-counter (OTC) products.",,False,,
23,"Mars, Incorporated",www.mars.com,"For over a century, we‚Äôve been driven by a belief that the world we want tomorrow starts with how we do business today. Our Principles form the foundation of how we do business today and every day. The Mars Compass serves as a guide to keep us on track and ensures we're heading in the right direction towards our vision of the world we want tomorrow. No matter the visible or invisible differences, we have long-been committed to fostering an environment where everyone has an equal opportunity to reach their full potential. Our global leadership team is responsible for building on our storied history while setting the vision for our path forward. For more than five generations, Mars has evolved to create products and services that people (and their pets) love. Every day is an opportunity to take action to create the world we want tomorrow. Our policies and practices are what help shape that future, and they're non-negotiable. For generations, families and their four-legged friends have enjoyed our brands, products and services. Pet nutrition, health, & veterinary services to make a better world for pets. Some of the world‚Äôs most beloved snacks and treats that inspire moments of everyday happiness. Healthy, tasty food that is part of consumer's daily lives. We‚Äôre committed to helping create a safe, healthy and sustainable world for our partners and the communities in which we operate. View progress & impact report See how our Associates are creating a better world tomorrow in our latest stories, news and press releases from around the globe.  Your Current Selection Global   Your Current Selection Global   Your Current Selection Global   Your Current Selection Global   Your Current Selection Global   Your Current Selection Global  In partnership with leading academics, PAWS is set to become the world‚Äôs largest, multi-year research program exploring the impact of cats and dogs on mental health and wellbeing, deepening our understanding of the mutual benefits of the human-animal bond. Backed by a $27M USD, five-year investment, the Farmer Forward Program aims to empower dairy farmers to embrace climate-smart agriculture practices as Mars strives to slash greenhouse gas (GHG) emissions 50% by 2030 against a 2015 baseline.  Transaction unites two iconic businesses with complementary footprints and portfolios of beloved brands. Mars continues to decouple carbon emissions from business growth by reducing absolute GHG emissions in the full value chain by 16% since 2015. Mars CEO Poul Weihrauch recently sat down with Expansi√≥n to share his thoughts on what makes Mars unique ‚Äì including the company's approach to responsible growth and how it balances a portfolio of global and local jewels. For generations, you and your family ‚Äî¬†including the four-legged members ‚Äî¬†have loved our brands, products and services. Our Associates are working to ensure that everything you know and love consistently evolves to deliver the best for your family.  Never has our Purpose been more relevant as it is right now. In today‚Äôs fast-moving business, social and environmental landscape, change won‚Äôt happen by itself. Our leaders share how we‚Äôre navigating with action, today, to create a future we can all be proud of. Since we launched the Mars Sustainable in a Generation Plan in 2017, we have made progress to¬†transform¬†how we¬†do business. We‚Äôre¬†working¬†to¬†improve the lives of people in communities where we¬†source materials, as well as the lives of¬†our Associates, customers and pets.¬† Mars delivers record carbon emissions reduction Mars accelerates progress towards 100% responsibly sourced and traceable cocoa Mars and Unreasonable Group announce Unreasonable Food‚Ñ¢ to transform... Mars delivers record carbon emissions reduction Mars accelerates progress towards 100% responsibly sourced and traceable cocoa Mars and Unreasonable Group announce Unreasonable Food‚Ñ¢ to transform... Featured News Mars unveils the world‚Äôs largest pet parent study Our 100,000 Mars Petcare Associates serve the health and nutrition needs of pets in more than 130 countries. Featured News Mars unveils multi-million dollar sustainable dairy plan, Moo'ving Dairy Forward  Mars is the world‚Äôs leading manufacturer of chocolate, chewing gum, mints and fruity confections. Our Associates work hard to improve the way we source, make and market our products, so consumers can enjoy them even more. Featured News Mars Food & Nutrition expands portfolio, disrupts the food aisle¬† Food isn‚Äôt just what we eat. It‚Äôs a way for families to bond, laugh, and talk. It‚Äôs a way to make a living for farmers. For us, our food business is also a way to contribute to a more positive world. We have fun. We innovate. We learn. We explore and we work towards making our work a better place today and every day. Want to know more about our work, culture, and people?",https://en.wikipedia.org/wiki/Mars,Grant F. Reid,Frank C. Mars,1911,Food manufacturing,"Candy, pet food, food products","McLean, Virginia, U.S.",$40 billion (2021),"140,000 (2021)","Mars, Incorporated is an American multinational manufacturer of confectionery, pet food, and other food products. It is the largest family-owned business in the United States and one of the largest in the world.",Brand,False,,"The company website primarily focuses on consumer-facing brands and does not mention any involvement in nutraceuticals or probiotics, which are the key criteria for relevance in the F&B industry."
24,AbbVie,www.abbvie.com,,https://en.wikipedia.org/wiki/AbbVie,Richard A. Gonzalez,,2013,Pharmaceuticals,"Humira, Imbruvica, Creon, Synagis","North Chicago, Illinois, U.S.",$56.2 billion (2021),"50,000","AbbVie is a global biopharmaceutical company that develops and markets drugs for a variety of therapeutic areas, including immunology, oncology, virology, and neuroscience.",,False,,
25,Campbell Soup Company,www.campbellsoupcompany.com,"Over 150 years of making the delicious, well-crafted soups, simple meals, snacks, and beverages you love.¬†  We‚Äôre committed to making a positive impact by providing food you can trust,¬†strengthening¬†communities, empowering people to thrive, and working toward a healthier environment.¬†¬† 
				News			 
				It‚Äôs official: We are The Campbell‚Äôs Company			 
				News			 
				Launching our next chapter of growth: Investor Day highlights¬†			 
				Our Food			 
				Meet our soups¬†			 
				Press Releases			 
				Goldfish Unveils New Goldfish Crisps ‚Äì Taste How Goldfish Does Chips¬†			 
				Community			 
				5 highlights from year three of our Full Futures school nutrition program¬†			 
				Press Releases			 
				The Campbell‚Äôs Company to Report Second Quarter Fiscal 2025 Results on March 5, 2025			 
				Press Releases			 
				Campbell‚Äôs Appoints Risa Cretella President of Meals & Beverages Division			 
				Press Releases			 
				The Full Futures Partnership Advances School Nutrition in its Third Year			 
				Press Releases			 
				Spritz Society and V8 Partner to Launch a First-Of-Its-Kind Bloody Mary Spritz			 Formed in 1869 when fruit merchant Joseph Campbell and commercial canner Abraham Anderson had a simple idea to make food that is good, trusted, and affordable. Over 150 years later, we‚Äôre still inspired by our purpose: Connecting people through food they love. Follow Us",https://en.wikipedia.org/wiki/Campbell's,Mark Clouse,"Joseph A. Campbell, Abraham Anderson",1869,Food processing,"Soup, sauces, beverages, snacks","Camden, New Jersey, U.S.",US$8.63 billion (2022),"18,000","Campbell Soup Company is an American processed food and beverage company headquartered in Camden, New Jersey. It is the maker of Campbell's Soup, the best-selling soup brand in the United States, as well as other food products such as sauces, beverages, and snacks.",,False,,"Error parsing LLM response: Expecting value: line 3 column 18 (char 46). Extracted Text: {
  ""company_type"": ""Brand"",
  ""is_relevant"": True,
  ""is_fortification_potential"": ""NA"",
  ""notes"": ""Campbell's is a well-known brand that sells food and beverage products directly to consumers.""
}"
26,Amgen,www.amgen.com,"Science & Innovation 02.11.2025     Press Release 02.04.2025     Patients 02.04.2025     Science & Innovation 01.24.2025     Science & Innovation 01.21.2025     Patients 01.17.2025     
PRESS RELEASE


 
PRESS RELEASE


 
PRESS RELEASE


 
PRESS RELEASE


 
PRESS RELEASE


 Amgen is a pioneer in the science of using living cells to make biologic medicines.
 Amgen‚Äôs medicines treat serious illnesses and typically address diseases with a limited number of treatment options. Making a positive difference in the world is at the heart of what we do at Amgen‚Äîand it goes beyond making vital medicines. Amgen is a pioneer in the science of using living cells to make biologic medicines, leading and guiding the biotech industry. Encounter opportunities both new and undiscovered, as we embrace leading-edge technologies, invest in our talents, and maximize our potential. 
                ¬© 1996-2025 Amgen Inc. All Rights Reserved.

",https://en.wikipedia.org/wiki/Amgen,Robert A. Bradway,"George B. Rathmann, Gordon Binder, and William Saltonstall",1980,Biotechnology,"Neulasta, Enbrel, Prolia, Xgeva, Repatha, Aimovig","Thousand Oaks, California, United States",$26.36 billion (2021),"24,000 (2021)","Amgen is an American multinational biopharmaceutical company headquartered in Thousand Oaks, California. It is the world's largest independent biotechnology company by revenue.",Manufacturer,False,,"Amgen primarily focuses on manufacturing and developing biotechnology-based pharmaceuticals, including biologics, not F&B products or nutraceuticals."
27,Conagra Brands,www.conagrabrands.com,,https://en.wikipedia.org/wiki/Conagra_Brands,,,,,,,,,Error in JSON Conversion.,,False,,
28,AstraZeneca,www.astrazeneca.com,"

Transforming the Future of Chronic Disease Care

 
Transforming breast cancer care for underserved patient populations
 
Strengthening health systems through the Partnership for Health System Sustainability and Resilience (PHSSR)
 By 2030, we aim to launch at least 20 new medicines and achieve $80 billion in Total Revenue, with sustained growth thereafter. 
We have
 projects in our pipeline This website is intended for people seeking information on AstraZeneca's worldwide business. Our country sites can be located in the AZ Network.   Veeva ID: Z4-68564Date of next review: August 2026
 Veeva ID: Z4-68564Date of next review: August 2026 ¬© AstraZeneca 2025 You are now leaving AstraZeneca.com You have selected a link that will take you to a site maintained by a third party who is solely responsible for its contents. AstraZeneca provides this link as a service to website visitors. AstraZeneca is not responsible for the privacy policy of any third party websites. We encourage you to read the privacy policy of every website you visit. Click ‚Äòcancel‚Äô to return to AstraZeneca‚Äôs site or ‚Äòcontinue‚Äô to proceed. Important notice for users

You are about to access AstraZeneca historic archive material. Any reference in these archives to AstraZeneca products or their uses may not reflect current medical knowledge and should not be used as a source of information on the present product label, efficacy data or safety data. Please refer to your approved national product label (SmPC) for current product information.

I have read this warning and will not be using any of the contained product information for clinical purposes.",https://en.wikipedia.org/wiki/AstraZeneca,,,,,,,,,Error in JSON Conversion.,,False,,
29,Molson Coors,www.molsoncoors.com,"¬† WHO WE ARE ¬† ¬†    ¬†   ¬†  CELEBRATE RESPONSIBLY¬Æ
¬©2025 Molson Coors Beverage Company
Do not share with anyone under the legal drinking age. CELEBRATE RESPONSIBLY¬Æ
¬©2025 Molson Coors Beverage Company
Do not share with anyone under the legal drinking age.",https://en.wikipedia.org/wiki/Molson_Coors,Gavin Hattersley,John Molson,1786,Beverage,"Beer, wine, spirits","Chicago, Illinois, United States",US$11.2 billion (2021),"18,000","Molson Coors Beverage Company is a multinational beverage company headquartered in Chicago, Illinois. It is the world's fifth-largest brewer by volume and the largest brewer in North America. The company's portfolio includes a wide range of beer, wine, and spirits brands, including Coors Light, Miller Lite, Molson Canadian, and Carling.",F&B,True,,"Molson Coors is a beverage company that produces and sells beer, spirits, and non-alcoholic beverages. It is a potentially relevant company because it operates in the food and beverage sector."
30,Boehringer Ingelheim,www.boehringeringelheim.com,,,,,,,,,,,,,False,,
31,AB InBev,www.abinbev.com,"As part of our commitment to responsible drinking, please confirm you are of legal drinking age. You must be of legal drinking age to view this site. By submitting this form, you agree to be bound by the Terms of Service and Privacy Policy  PRIVACY POLICY TERMS & CONDITIONS DO NOT SELL MY PERSONAL INFORMATION 
                        ¬© 2025 Anheuser-Busch Companies LLC, St. Louis, MO 63118 
Our Purpose is to  Dream Big to Create a Future with More
  Cheers
 
Our Purpose is to  Dream Big to Create a Future with More
  Cheers
 Our purpose drives everything we do. We are building on our more than 600 years of heritage, we are always looking to serve up new ways to meet life‚Äôs moments, and we dream big to move our industry forward. Our purpose drives everything we do. We are building on our more than 600 years of heritage, we are always looking to serve up new ways to meet life‚Äôs moments, and we dream big to move our industry forward. Passion for beer is at the heart of everything we do. We are the proud makers of more than 500 iconic global and local brands. 
  Discover our brands
 Create a future with more cheers with us We're seeking passionate people who'll be inspired by brewing the world's most loved beers, building iconic brands and creating meaningful experiences. Follow Us ¬©2025 AB InBev All rights reserved. Enjoy Responsibly. Do not share
            this content with minors. AB InBev is committed to improving the accessibility of our websites
            for all users, including those with disabilities. Read the
            accessibility statement here. ¬©2025 AB InBev All rights reserved. Enjoy Responsibly. Do not share
            this content with minors. AB InBev is committed to improving the accessibility of our websites
          for all users, including those with disabilities. Read the
          accessibility statement here.",https://en.wikipedia.org/wiki/AB_InBev,,,,,,,,,Error in JSON Conversion.,Brand,True,,"AB InBev is one of the largest beer producers in the world. As a brand that sells directly to the end consumer, they are relevant for analysis."
32,BASF,www.basf.com,"Read more  Acquisition, Trade and Expertise¬†‚Äì the energy concept of BASF.",https://en.wikipedia.org/wiki/BASF,Martin Bruderm√ºller,Friedrich Engelhorn,1865,Chemicals,"Chemicals, plastics, performance products, agricultural products, oil and gas","Ludwigshafen, Germany",‚Ç¨78.6 billion (2021),"111,000 (2021)","BASF is the world's largest chemical producer. The company produces a wide range of chemicals, plastics, performance products, agricultural products, and oil and gas. BASF has operations in more than 90 countries and employs over 111,000 people.",Manufacturer,False,,BASF is a chemical manufacturer that does not focus on F&B or nutraceuticals.
33,Diageo,www.diageo.com,"Our business We‚Äôve launched Distilled 2025 - our annual Consumer Trends Report. Our brands With over 200 brands and sales in nearly 180 countries, we offer something for every taste and celebration. ESG Learn more about Spirit of Progress ‚Äì our global ESG programme to help create a more inclusive and sustainable world. News & media We‚Äôve launched Distilled 2025 ‚Äì exploring the top trends driving consumer conversations around the world. Investors Stay up to date with Diageo's investor-related news and events. Careers Accelerate your career as you make your mark by building brands consumers love.Our perfect blend of our people and brands is our magic, and in our inclusive and supportive culture, your opportunity to thrive is endless. We‚Äôre a company built on the shoulders of great innovators like Arthur Guinness and Johnnie Walker. From much-loved, established brands to the latest innovations, we move at pace with the latest trends, creating products, tastes and experiences for people to enjoy as part of celebrations big or small. On Thursday 20th February at 5pm ET/10pm GMT, Debra Crew (Chief Executive), Nik Jhangiani (Chief Financial Officer), and Sally Grimes (Chief Executive Officer North America) will be presenting at the Consumer Analyst Group of New York (CAGNY) conference.¬† We offer something for everyone and have exposure to significant consumer growth opportunities. 

With over 200 brands sold in over 180 countries, we are a global leader in premium spirits.¬†And with Guinness at the heart of our portfolio, we have a strong position in the fastest-growing beer segments. Our growth algorithm powers our long-term ambition to increase our TBA market share from 4% to 6% by 2030. 
              Building world-class brands
             
              We're global innovators who pair creativity and science to forge new paths and push the limits when it comes to recruiting consumers and delivering long-term growth. Spirits is an attractive dynamic category, capitalising on macro-consumer trends.
             We‚Äôre focused on using our deep consumer understanding to leverage consumer demands for premiumisation, convenience and moderation.  This will help us succeed in our ambition of delivering a 50% increase in our TBA share from 4% to 6% by 2030. We are proud to have met our 2030 targets for DRINKiQ and we've reached 1 billion people with dedicated moderation messages. People are choosing to drink better, not more. Over the last decade, premium and above spirits grew from 26% of category value to almost 35%. The super-premium plus price-tier has grown in value more than two times faster than other price tiers in the category. 

                        12
                      

                        %
                      
 
                      Tequila net sales growth in markets outside NAM and LAC
                     Diageo's tequila portfolio grew share of the spirits industry in fiscal 24, with acceleration in the second half, led by Don Julio. ESG Our ongoing ESG action plan, addresses the most significant environmental and social opportunities and risks Diageo faces. It has three priorities to promote positive drinking, champion inclusion and diversity and pioneer grain-to-glass sustainability. Doing business the right way underpins everything we do.  Our ambition is to change the way people drink for the better. This is why we promote moderate drinking and invest in education programmes to discourage the harmful use of alcohol. We partnered with Suho of Kpop group EXO to promote responsible and moderate alcohol consumption. The campaign features an original song by Suho and emphasises the importance of savouring each moment. We‚Äôre delighted that Eleanor Morgan, Marketing Manager Captain Morgan, has been included in this year‚Äôs Management Today 35 Women Under 35 list, the annual celebration of the UK‚Äôs most impressive women in business. This World Environment Day, we‚Äôre calling for greater collaboration to achieve the world‚Äôs climate goals. Many companies are committing to reducing their impact on the environment ‚Äì but we need business, NGOs and governments to work together. CAREERS We invest in our people and our communities because we believe in the value and impact they have on our business. Their contributions directly impact our sustainability and longevity.   Our DRINKiQ programme aims to ‚Ä®raise the 'collective drink IQ' by increasing public awareness of the effects of alcohol and supporting responsible drinking. We are a global leader in beverage alcohol with an outstanding collection of brands across spirits and beer.",https://en.wikipedia.org/wiki/Diageo,Ivan Menezes,Arthur Guinness,1997,Alcoholic Beverages,"Whiskey, Vodka, Rum, Gin, Tequila, Beer","London, United Kingdom",¬£13.4 billion (2022),"28,000","Diageo is a British multinational alcoholic beverages company headquartered in London, England. It is the world's largest producer of spirits and a major producer of beer and wine. Diageo's brands include Johnnie Walker, Smirnoff, Guinness, Baileys, Captain Morgan, Tanqueray, and Crown Royal.",Brand,False,,"The website text primarily focuses on the company's brand portfolio, marketing strategies, and global reach. There is no mention of food and beverage production or fortification."
34,Procter & Gamble (P&G),www.pg.com,¬© 2025 Procter & Gamble 2/22/2025 OLAY Launches Super Serum Body Wash The brand‚Äôs most advanced body wash delivers powerful results typically associated with high-end facial products.  Read more 2/20/2025 Supplying Your Favorite Products: From Production to Your Home A sneak peek inside the journey your favorite products take to arrive at their destination.  Read more 2/13/2025 The Art and Science of Improving Everyday Household Products Learn how P&G's consumer-driven approach transforms household products and makes jobs-to-done easier and more efficient.  Read more 2/11/2025 P&G Celebrates Women in STEM: A Legacy and Future of Innovation International Day of Women and Girls in Science | Learn how Procter & Gamble is inspiring the next generation of women in STEM.  Read more Our brands Careers at P&G Careers at P&G Investor Relations Investor Relations NOTICE: We may sell your sensitive personal data. CHANGE LOCATION ¬© 2025 Procter & Gamble ,https://en.wikipedia.org/wiki/PG,Jon Moeller,"William Procter, James Gamble",1837,Consumer goods,"Tide, Pampers, Gillette, Crest, Olay","Cincinnati, Ohio, U.S.",$76.11 billion (2022),"95,000","Procter & Gamble (P&G) is an American multinational consumer goods corporation headquartered in Cincinnati, Ohio. The company produces a wide range of products, including laundry detergents, dish soap, paper towels, toilet paper, beauty products, and food and beverages.",Brand,False,,"Procter & Gamble is a brand that sells directly to the end consumer, but it does not work with specific dosage forms or health segments."
35,Heineken,www.theheinekencompany.com,"
					WELCOME TO THE HEINEKEN COMPANY WEBSITE
				 Looking for info on the Heineken¬Æ brand specifically? You'll find that here. You can view our privacy policy¬†here",https://en.wikipedia.org/wiki/Heineken,Dolf van den Brink,Gerard Adriaan Heineken,1864,Beverage,"Beer, cider, soft drinks","Amsterdam, Netherlands",‚Ç¨26.4 billion (2021),"85,153 (2021)","Heineken is a Dutch multinational brewing company, founded in 1864 by Gerard Adriaan Heineken in Amsterdam. It is the second-largest brewer in the world by volume. The company produces and sells over 300 brands of beer, including Heineken, Amstel, and Cruzcampo.",Brand,False,,"The website text does not mention nutraceuticals or probiotics, so the company is not relevant as a distributor. It is a brand that sells alcoholic beverages, which are not relevant to food and beverage fortification."
36,Medtronic,www.medtronic.com,"You just clicked a link to go to another website. If you continue, you will leave this site and go to a site run by someone else. Medtronic does not review or control the content on the other website, and we are not responsible for any business dealings or transactions you have there. Your use of the other site is subject to the terms of use and privacy statement on that site. It is possible that some of the products on the other site are not approved in the Indian Subcontinent. Any and all information provided is intended for general overview. Viewers taking any decision based on the information provided herein are requested to seek professional advice. Your browser is out of date 
    With an updated browser, you will have a better Medtronic website experience. Update my browser now.
 
√ó
 The content of this webpage is exclusively reserved for registered medical practitioners. Click ‚ÄúOK‚Äù to confirm you are a registered medical practitioner.  
Home
 Who we are Engineering the¬† extraordinary HEALTHCARE TECHNOLOGY MEIC symbolizes Medtronic‚Äôs commitment to R&D and innovation in healthcare. It serves as a technology hub to deliver on our mission.‚Äã PUT PATIENTS FIRST The #TimetoDecideDestiny campaign aims to create awareness about the importance of stroke prevention and timely treatment by reaching the nearest stroke-ready hospital. PATIENT EQUITY Arrhythmia is a disorder that affects the heart rate. #Whatsyourrhythm aims to break the silence, ignite discussions, and address¬†gender disparity in arrythmia treatment‚Äã. Healthcare Professionals Innovation without collaboration isn't enough. We work closely with healthcare professionals to introduce new therapies and optimize treatments. Our impact Careers ¬† Want to do work that has the potential to make the world a better place? Then join us. Speed and decisiveness run through our DNA. Diverse perspectives inspire bold solutions to the world‚Äôs most complex and challenging conditions. Our careers change lives.",https://en.wikipedia.org/wiki/Medtronic,Geoff Martha,Earl Bakken and Palmer Hermundslie,1949,Medical device,"Pacemakers, defibrillators, insulin pumps, surgical tools, and other medical devices","Dublin, Ireland",USD 30.6 billion (2022),"90,000","Medtronic is a global medical device company that develops, manufactures, and markets a wide range of medical devices and therapies for a variety of medical conditions, including cardiac, neurological, spinal, and diabetes.",Manufacturer,False,,"Medtronic is a medical device manufacturer that does not focus on F&B, nutraceuticals, or probiotics."
37,McKesson,www.mckesson.com,"As a diversified healthcare leader, our solutions help patients access life-changing therapies, create a real difference for patients with cancer, and equip pharmacies, health systems and clinics with technologies to operate more effectively. We do all of this and much more as we pursue our purpose of advancing health outcomes for all. ¬† Learn How Pharmaceutical Distribution Rely on our accurate, safe and speedy drug distribution services to build a better patient experience. Medical Supplies & Equipment Find the quality wholesale supplies and equipment you need for your high-performing lab, physician practice or post-acute care setting. Pharmacy Services & Technology Balance customer care, operational efficiency and business growth with the help of our pharmacy management tools and consultancy services. Specialty Practice Solutions Value-based care programs. Specialty group purchasing. A top-of-the-line EHR. Learn how we can support your oncology or other specialty practice. Solutions for Biopharma From commercialization services to medication access and adherence, we‚Äôll get your groundbreaking treatment to the patients who need it most. From team volunteering to enterprise-wide events like Giving Tuesday and Community Impact Days, our employees raised the bar in 2024 by making a difference in the communities where we live, work and serve. Learn more about RxOwnership, McKesson‚Äôs strategic consultants who help independent pharmacy owners navigate challenges, optimize operations and achieve financial health. With deep expertise in pharmaceutical distribution, supply chain analytics, and market access dynamics, we are committed to helping address the multitude of issues contributing to drug shortages. McKesson's pharmaceutical distribution supply chain, healthcare services, and medical supplies & equipment help address the challenges healthcare organizations face today‚Äîand shape how they‚Äôll overcome the new challenges of tomorrow. About Us Our Business Segments Corporate Responsibility Public Affairs Careers 
                            ¬© 2025 MCKESSON CORPORATION
                         close",https://en.wikipedia.org/wiki/McKesson_Corporation,Brian Tyler,John McKesson,1833,Healthcare,"Pharmaceuticals, medical supplies, technology solutions","Irving, Texas, United States",$231.5 billion (2022),"70,000","McKesson Corporation is an American healthcare company that distributes pharmaceuticals, medical supplies, and technology solutions to healthcare providers. It is one of the largest healthcare companies in the world.",Distributor,False,,"McKesson is a distributor of medical supplies, pharmaceuticals, and healthcare solutions. They do not produce or sell F&B products, so they are not relevant for food and beverage fortification."
38,AmerisourceBergen,www.amerisourcebergen.com,"Cencora brings the companies and services of AmerisourceBergen together under one new name. In the news Insights 
                                        Copyright ¬©2025 AmerisourceBergen Corporation. All Rights Reserved.
                                    ",https://en.wikipedia.org/wiki/Cencora,,,,,,,,,Error in JSON Conversion.,Distributor,False,,"AmerisourceBergen is a distributor that provides products to various healthcare providers, including pharmacies and hospitals. They do not produce or sell food and beverage products, so they are not relevant to the analysis."
39,Cardinal Health,www.cardinalhealth.com,"To view a full catalog of products that Cardinal Health offers, please use our ordering website. Learn more about how Cardinal Health is improving healthcare. March 6 | 11 am EST
In this webinar, learn from industry experts on how to mitigate patient access challenges for cell and gene therapies (CGTs).
 March 6 | 11 am EST
In this webinar, learn from industry experts on how to mitigate patient access challenges for cell and gene therapies (CGTs). When your patient care is on the line, don‚Äôt choose a lab distributor who only cares about their bottom line.
 When your patient care is on the line, don‚Äôt choose a lab distributor who only cares about their bottom line. Dive into the data and strategic factors driving patient hub model transformation in our new industry report.

 Dive into the data and strategic factors driving patient hub model transformation in our new industry report.
 Cardinal Health's Community Health Pharmacy Services can help improve care, expand services and maximize resources. Our support doesn't stop.

 Cardinal Health's Community Health Pharmacy Services can help improve care, expand services and maximize resources. Our support doesn't stop.
 Cardinal Health Newsroom  Learn more about everything Cardinal¬†Health is doing to combat the crisis of opioid misuse in America and to keep the nation's pharmaceutical supply chain secure. Company Support 
				  ¬©2025 Cardinal Health. All rights reserved.
					",https://en.wikipedia.org/wiki/Cardinal_Health,,,,,,,,,Error in JSON Conversion.,Distributor,False,,Cardinal Health is a distributor that does not specialize in nutraceuticals or probiotics.
40,Medline Industries,www.medline.com,,https://en.wikipedia.org/wiki/MEDLINE,Charlie Mills,A. L. Mills,1966,Healthcare,"Medical supplies, surgical equipment, laboratory equipment, and pharmaceuticals","Northfield, Illinois, U.S.",US$17.5 billion (2021),"27,000 (2021)","Medline Industries, Inc. is an American privately held manufacturer, distributor, and marketer of medical supplies and equipment. The company was founded in 1966 by A. L. Mills and is headquartered in Northfield, Illinois.",,False,,
